/*
 Navicat Premium Data Transfer

 Source Server         : MySQL
 Source Server Type    : MySQL
 Source Server Version : 50719
 Source Host           : localhost
 Source Database       : pms

 Target Server Type    : MySQL
 Target Server Version : 50719
 File Encoding         : utf-8

 Date: 05/17/2018 14:52:03 PM
*/

SET NAMES utf8;
SET FOREIGN_KEY_CHECKS = 0;

-- ----------------------------
--  Table structure for `appraisalform`
-- ----------------------------
DROP TABLE IF EXISTS `appraisalform`;
CREATE TABLE `appraisalform` (
  `id` int(11) NOT NULL AUTO_INCREMENT,
  `content` longtext,
  `gmtcreate` varchar(255) DEFAULT NULL,
  `gmtmodify` varchar(255) DEFAULT NULL,
  `dr` bit(1) DEFAULT NULL,
  `userid` int(11) DEFAULT NULL COMMENT '用户id',
  PRIMARY KEY (`id`)
) ENGINE=InnoDB AUTO_INCREMENT=2 DEFAULT CHARSET=utf8;

-- ----------------------------
--  Records of `appraisalform`
-- ----------------------------
BEGIN;
INSERT INTO `appraisalform` VALUES ('1', '<p>\n	<table class=\"MsoNormalTable\" border=\"1\" cellspacing=\"0\" cellpadding=\"0\" width=\"459\" style=\"border:none;\">\n		<tbody>\n			<tr>\n				<td width=\"30\" style=\"border:solid windowtext 1.0pt;\">\n					<p class=\"MsoNormal\" align=\"center\" style=\"text-align:center;\">\n						<b><span style=\"font-family:宋体;\">实习态度</span><span></span></b> \n					</p>\n				</td>\n				<td width=\"88\" valign=\"top\" style=\"border:solid windowtext 1.0pt;\">\n					<p class=\"MsoNormal\">\n						<span>1.</span><span style=\"font-family:宋体;\">工作负责。</span> \n					</p>\n					<p class=\"MsoNormal\">\n						<span>2.</span><span style=\"font-family:宋体;\">虚心服从领导</span><span>,</span><span style=\"font-family:宋体;\">尊重指导人员</span><span>,</span><span style=\"font-family:宋体;\">礼貌、谦逊、好学。</span> \n					</p>\n					<p class=\"MsoNormal\">\n						<span>3.</span><span style=\"font-family:宋体;\">自觉遵守规章制度。</span> \n					</p>\n				</td>\n				<td width=\"88\" valign=\"top\" style=\"border:solid windowtext 1.0pt;\">\n					<p class=\"MsoNormal\">\n						<span>1.</span><span style=\"font-family:宋体;\">工作负责</span> \n					</p>\n					<p class=\"MsoNormal\">\n						<span>2.</span><span style=\"font-family:宋体;\">虚心服从领导，尊重指导人员，认真学习。</span> \n					</p>\n					<p class=\"MsoNormal\">\n						<span>3.</span><span style=\"font-family:宋体;\">能够遵守规章制度。</span> \n					</p>\n				</td>\n				<td width=\"88\" valign=\"top\" style=\"border:solid windowtext 1.0pt;\">\n					<p class=\"MsoNormal\">\n						<span>1</span><span style=\"font-family:宋体;\">．工作负责</span> \n					</p>\n					<p class=\"MsoNormal\">\n						<span>2</span><span style=\"font-family:宋体;\">．服从领导，听从指导。</span> \n					</p>\n					<p class=\"MsoNormal\">\n						<span>3</span><span style=\"font-family:宋体;\">．能够遵守规章制度。</span> \n					</p>\n				</td>\n				<td width=\"88\" valign=\"top\" style=\"border:solid windowtext 1.0pt;\">\n					<p class=\"MsoNormal\">\n						<span>1.</span><span style=\"font-family:宋体;\">勉强完成工作。</span> \n					</p>\n					<p class=\"MsoNormal\">\n						<span>2.</span><span style=\"font-family:宋体;\">基本服从领导，尚能听从指导。</span> \n					</p>\n					<p class=\"MsoNormal\">\n						<span>3.</span><span style=\"font-family:宋体;\">基本遵守规章制度。</span> \n					</p>\n				</td>\n				<td width=\"79\" valign=\"top\" style=\"border:solid windowtext 1.0pt;\">\n					<p class=\"MsoNormal\">\n						<span>1.</span><span style=\"font-family:宋体;\">不能完成工作。</span> \n					</p>\n					<p class=\"MsoNormal\">\n						<span>2.</span><span style=\"font-family:宋体;\">不服从领导，不听取指导。</span> \n					</p>\n					<p class=\"MsoNormal\">\n						<span>3.</span><span style=\"font-family:宋体;\">违反规章制度。</span> \n					</p>\n				</td>\n			</tr>\n			<tr>\n				<td width=\"30\" style=\"border:solid windowtext 1.0pt;\">\n					<p class=\"MsoNormal\" align=\"center\" style=\"text-align:center;\">\n						<span>10%</span><span style=\"font-size:9.0pt;font-family:方正楷体;\"></span> \n					</p>\n				</td>\n				<td width=\"88\" style=\"border:solid windowtext 1.0pt;\">\n					<p class=\"MsoNormal\" align=\"center\" style=\"text-align:center;\">\n						<span>9</span><span style=\"font-family:宋体;\">—</span><span>10</span><span style=\"font-family:宋体;\">分</span> \n					</p>\n				</td>\n				<td width=\"88\" style=\"border:solid windowtext 1.0pt;\">\n					<p class=\"MsoNormal\" align=\"center\" style=\"text-align:center;\">\n						<span>8</span><span style=\"font-family:宋体;\">分</span> \n					</p>\n				</td>\n				<td width=\"88\" style=\"border:solid windowtext 1.0pt;\">\n					<p class=\"MsoNormal\" align=\"center\" style=\"text-align:center;\">\n						<span>7</span><span style=\"font-family:宋体;\">分</span> \n					</p>\n				</td>\n				<td width=\"88\" style=\"border:solid windowtext 1.0pt;\">\n					<p class=\"MsoNormal\" align=\"center\" style=\"text-align:center;\">\n						<span>6</span><span style=\"font-family:宋体;\">分</span> \n					</p>\n				</td>\n				<td width=\"79\" style=\"border:solid windowtext 1.0pt;\">\n					<p class=\"MsoNormal\" align=\"center\" style=\"text-align:center;\">\n						<span>0</span><span style=\"font-family:宋体;\">—</span><span>5</span><span style=\"font-family:宋体;\">分</span> \n					</p>\n				</td>\n			</tr>\n			<tr>\n				<td width=\"30\" style=\"border:solid windowtext 1.0pt;\">\n					<p class=\"MsoNormal\" align=\"center\" style=\"text-align:center;\">\n						<b><span style=\"font-size:12.0pt;font-family:宋体;\">工作能力</span></b><b><span style=\"font-size:12.0pt;\"></span></b> \n					</p>\n				</td>\n				<td width=\"88\" valign=\"top\" style=\"border:solid windowtext 1.0pt;\">\n					<p class=\"MsoNormal\">\n						<span>1.</span><span style=\"font-family:宋体;\">能按实习大纲的要求独立、出色地完成各项任务。</span> \n					</p>\n					<p class=\"MsoNormal\">\n						<span>2.</span><span style=\"font-family:宋体;\">能较好地理论联系实际，用所学知识解决问题，创新，并有一定的成果。</span> \n					</p>\n				</td>\n				<td width=\"88\" valign=\"top\" style=\"border:solid windowtext 1.0pt;\">\n					<p class=\"MsoNormal\">\n						<span>1</span><span style=\"font-family:宋体;\">．能按实习大纲的要求基本完成各项任务。</span> \n					</p>\n					<p class=\"MsoNormal\">\n						<span>2</span><span style=\"font-family:宋体;\">．能理论联系实际，基本能够应用所学知识解决问题。</span> \n					</p>\n				</td>\n				<td width=\"88\" valign=\"top\" style=\"border:solid windowtext 1.0pt;\">\n					<p class=\"MsoNormal\">\n						<span style=\"font-family:宋体;\">能在他人帮助下、运用所学知识，完成实习大纲的要求和各项任务。</span> \n					</p>\n					<p class=\"MsoNormal\">\n						<span style=\"font-size:12.0pt;\">&nbsp;</span> \n					</p>\n				</td>\n				<td width=\"88\" valign=\"top\" style=\"border:solid windowtext 1.0pt;\">\n					<p class=\"MsoNormal\">\n						<span style=\"font-family:宋体;\">能在他人帮助下，能基本完成实习大纲的要求和各项任务。</span><span style=\"font-size:12.0pt;\"></span> \n					</p>\n				</td>\n				<td width=\"79\" valign=\"top\" style=\"border:solid windowtext 1.0pt;\">\n					<p class=\"MsoNormal\">\n						<span style=\"font-family:宋体;\">基本上不能完成实习大纲的要求和各项任务。</span><span style=\"font-size:12.0pt;\"></span> \n					</p>\n				</td>\n			</tr>\n			<tr>\n				<td width=\"30\" style=\"border:solid windowtext 1.0pt;\">\n					<p class=\"MsoNormal\" align=\"center\" style=\"text-align:center;\">\n						<span>30%</span> \n					</p>\n				</td>\n				<td width=\"88\" style=\"border:solid windowtext 1.0pt;\">\n					<p class=\"MsoNormal\" align=\"center\" style=\"text-align:center;\">\n						<span>25</span><span style=\"font-family:宋体;\">—</span><span>30</span><span style=\"font-family:宋体;\">分</span> \n					</p>\n				</td>\n				<td width=\"88\" style=\"border:solid windowtext 1.0pt;\">\n					<p class=\"MsoNormal\" align=\"center\" style=\"text-align:center;\">\n						<span>20</span><span style=\"font-family:宋体;\">—</span><span>24</span><span style=\"font-family:宋体;\">分</span> \n					</p>\n				</td>\n				<td width=\"88\" style=\"border:solid windowtext 1.0pt;\">\n					<p class=\"MsoNormal\" align=\"center\" style=\"text-align:center;\">\n						<span>17</span><span style=\"font-family:宋体;\">—</span><span>19</span><span style=\"font-family:宋体;\">分</span> \n					</p>\n				</td>\n				<td width=\"88\" style=\"border:solid windowtext 1.0pt;\">\n					<p class=\"MsoNormal\" align=\"center\" style=\"text-align:center;\">\n						<span>14</span><span style=\"font-family:宋体;\">—</span><span>16</span><span style=\"font-family:宋体;\">分</span> \n					</p>\n				</td>\n				<td width=\"79\" style=\"border:solid windowtext 1.0pt;\">\n					<p class=\"MsoNormal\" align=\"center\" style=\"text-align:center;\">\n						<span>0</span><span style=\"font-family:宋体;\">—</span><span>13</span><span style=\"font-family:宋体;\">分</span> \n					</p>\n				</td>\n			</tr>\n			<tr>\n				<td width=\"30\" style=\"border:solid windowtext 1.0pt;\">\n					<p class=\"MsoNormal\" align=\"center\" style=\"text-align:center;\">\n						<b><span style=\"font-family:宋体;\">实习报告质量</span><span></span></b> \n					</p>\n				</td>\n				<td width=\"88\" valign=\"top\" style=\"border:solid windowtext 1.0pt;\">\n					<p class=\"MsoNormal\">\n						<span>1.</span><span style=\"font-family:宋体;\">对实习内容（设计、开发、调查）都有较详细的记录，并能加以分析整理成文。</span> \n					</p>\n					<p class=\"MsoNormal\">\n						<span>2.</span><span style=\"font-family:宋体;\">实习报告</span><span style=\"font-family:宋体;\">规范</span><span style=\"font-family:宋体;\">。</span> \n					</p>\n					<p class=\"MsoNormal\">\n						<span>3.</span><span style=\"font-family:宋体;\">实习报告质量高（切题、创新）。</span> \n					</p>\n				</td>\n				<td width=\"88\" valign=\"top\" style=\"border:solid windowtext 1.0pt;\">\n					<p class=\"MsoNormal\">\n						<span>1.</span><span style=\"font-family:宋体;\">对实习内容（设计、开发、调查）有完备的记录。</span> \n					</p>\n					<p class=\"MsoNormal\">\n						<span>2.</span><span style=\"font-family:宋体;\">实习报告</span><span style=\"font-family:宋体;\">规范。</span> \n					</p>\n					<p class=\"MsoNormal\">\n						<span>3.</span><span style=\"font-family:宋体;\">实习报告质量较高。</span><span style=\"font-size:12.0pt;\"></span> \n					</p>\n				</td>\n				<td width=\"88\" valign=\"top\" style=\"border:solid windowtext 1.0pt;\">\n					<p class=\"MsoNormal\">\n						<span>1.</span><span style=\"font-family:宋体;\">对实习内容（设计、开发、调查）有较完整的记录。</span> \n					</p>\n					<p class=\"MsoNormal\">\n						<span>2</span><span style=\"font-family:宋体;\">．实习报告较</span><span style=\"font-family:宋体;\">规范。<span></span></span> \n					</p>\n					<p class=\"MsoNormal\">\n						<span>3</span><span style=\"font-family:宋体;\">．实习报告有一定质量。</span><span style=\"font-size:12.0pt;\"></span> \n					</p>\n				</td>\n				<td width=\"88\" valign=\"top\" style=\"border:solid windowtext 1.0pt;\">\n					<p class=\"MsoNormal\">\n						<span>1.</span><span style=\"font-family:宋体;\">对实习内容（设计、开发、调查）有记录。</span> \n					</p>\n					<p class=\"MsoNormal\">\n						<span>2.</span><span style=\"font-family:宋体;\">实习报告基本规范。</span> \n					</p>\n					<p class=\"MsoNormal\">\n						<span>3.</span><span style=\"font-family:宋体;\">质量一般。</span> \n					</p>\n				</td>\n				<td width=\"79\" valign=\"top\" style=\"border:solid windowtext 1.0pt;\">\n					<p class=\"MsoNormal\">\n						<span>1.</span><span style=\"font-family:宋体;\">对实习内容（设计、开发、调查）没有做记录。</span> \n					</p>\n					<p class=\"MsoNormal\">\n						<span>2.</span><span style=\"font-family:宋体;\">实习报告不规范。</span> \n					</p>\n					<p class=\"MsoNormal\">\n						<span>3</span><span style=\"font-family:宋体;\">．实习报告质量差，应付。</span> \n					</p>\n				</td>\n			</tr>\n			<tr>\n				<td width=\"30\" style=\"border:solid windowtext 1.0pt;\">\n					<p class=\"MsoNormal\" align=\"center\" style=\"text-align:center;\">\n						<span>40%</span> \n					</p>\n				</td>\n				<td width=\"88\" style=\"border:solid windowtext 1.0pt;\">\n					<p class=\"MsoNormal\" align=\"center\" style=\"text-align:center;\">\n						<span>36</span><span style=\"font-family:宋体;\">—</span><span>40</span><span style=\"font-family:宋体;\">分</span> \n					</p>\n				</td>\n				<td width=\"88\" style=\"border:solid windowtext 1.0pt;\">\n					<p class=\"MsoNormal\" align=\"center\" style=\"text-align:center;\">\n						<span>33</span><span style=\"font-family:宋体;\">—</span><span>35</span><span style=\"font-family:宋体;\">分</span> \n					</p>\n				</td>\n				<td width=\"88\" style=\"border:solid windowtext 1.0pt;\">\n					<p class=\"MsoNormal\" align=\"center\" style=\"text-align:center;\">\n						<span>29</span><span style=\"font-family:宋体;\">—</span><span>32</span><span style=\"font-family:宋体;\">分</span> \n					</p>\n				</td>\n				<td width=\"88\" style=\"border:solid windowtext 1.0pt;\">\n					<p class=\"MsoNormal\" align=\"center\" style=\"text-align:center;\">\n						<span>26</span><span style=\"font-family:宋体;\">—</span><span>28</span><span style=\"font-family:宋体;\">分</span> \n					</p>\n				</td>\n				<td width=\"79\" style=\"border:solid windowtext 1.0pt;\">\n					<p class=\"MsoNormal\" align=\"center\" style=\"text-align:center;\">\n						<span>0</span><span style=\"font-family:宋体;\">—</span><span>25</span><span style=\"font-family:宋体;\">分</span> \n					</p>\n				</td>\n			</tr>\n			<tr>\n				<td width=\"30\" style=\"border:solid windowtext 1.0pt;\">\n					<p class=\"MsoNormal\" align=\"center\" style=\"text-align:center;\">\n						<b><span style=\"font-family:宋体;\">实习鉴定建议</span><span></span></b> \n					</p>\n				</td>\n				<td width=\"88\" valign=\"top\" style=\"border:solid windowtext 1.0pt;\">\n					<p class=\"MsoNormal\">\n						<span style=\"font-family:宋体;\">实事求是认真填写相关材料，提出独到的见解和合理建议，并能被采用。</span> \n					</p>\n				</td>\n				<td width=\"88\" valign=\"top\" style=\"border:solid windowtext 1.0pt;\">\n					<p class=\"MsoNormal\">\n						<span style=\"font-family:宋体;\">实事求是认真填写相关材料，对某些问题提出有意义的建议。</span><span style=\"font-size:12.0pt;\"></span> \n					</p>\n				</td>\n				<td width=\"88\" valign=\"top\" style=\"border:solid windowtext 1.0pt;\">\n					<p class=\"MsoNormal\">\n						<span style=\"font-family:宋体;\">实事求是认真填写相关材料。能提出自己的想法。</span><span style=\"font-size:12.0pt;\"></span> \n					</p>\n				</td>\n				<td width=\"88\" valign=\"top\" style=\"border:solid windowtext 1.0pt;\">\n					<p class=\"MsoNormal\">\n						<span style=\"font-family:宋体;\">认真填写相关材料。</span><span style=\"font-size:12.0pt;\"></span> \n					</p>\n				</td>\n				<td width=\"79\" valign=\"top\" style=\"border:solid windowtext 1.0pt;\">\n					<p class=\"MsoNormal\">\n						<span style=\"font-family:宋体;\">胡乱应付。</span><span style=\"font-size:12.0pt;\"></span> \n					</p>\n				</td>\n			</tr>\n			<tr>\n				<td width=\"30\" style=\"border:solid windowtext 1.0pt;\">\n					<p class=\"MsoNormal\" align=\"center\" style=\"text-align:center;\">\n						<span>20%</span> \n					</p>\n				</td>\n				<td width=\"88\" style=\"border:solid windowtext 1.0pt;\">\n					<p class=\"MsoNormal\" align=\"center\" style=\"text-align:center;\">\n						<span>16</span><span style=\"font-family:宋体;\">—</span><span>20</span><span style=\"font-family:宋体;\">分</span> \n					</p>\n				</td>\n				<td width=\"88\" style=\"border:solid windowtext 1.0pt;\">\n					<p class=\"MsoNormal\" align=\"center\" style=\"text-align:center;\">\n						<span>13</span><span style=\"font-family:宋体;\">—</span><span>15</span><span style=\"font-family:宋体;\">分</span> \n					</p>\n				</td>\n				<td width=\"88\" style=\"border:solid windowtext 1.0pt;\">\n					<p class=\"MsoNormal\" align=\"center\" style=\"text-align:center;\">\n						<span>10</span><span style=\"font-family:宋体;\">—</span><span>12</span><span style=\"font-family:宋体;\">分</span> \n					</p>\n				</td>\n				<td width=\"88\" style=\"border:solid windowtext 1.0pt;\">\n					<p class=\"MsoNormal\" align=\"center\" style=\"text-align:center;\">\n						<span>8</span><span style=\"font-family:宋体;\">—</span><span>9</span><span style=\"font-family:宋体;\">分</span> \n					</p>\n				</td>\n				<td width=\"79\" style=\"border:solid windowtext 1.0pt;\">\n					<p class=\"MsoNormal\" align=\"center\" style=\"text-align:center;\">\n						<span>0</span><span style=\"font-family:宋体;\">—</span><span>7</span><span style=\"font-family:宋体;\">分</span> \n					</p>\n				</td>\n			</tr>\n			<tr>\n				<td width=\"30\" style=\"border:solid windowtext 1.0pt;\">\n					<p class=\"MsoNormal\" align=\"center\" style=\"text-align:center;\">\n						<b><span style=\"font-family:宋体;\">备注</span><span></span></b> \n					</p>\n				</td>\n				<td width=\"429\" colspan=\"5\" style=\"border:solid windowtext 1.0pt;\">\n					<p class=\"MsoNormal\">\n						<span style=\"font-family:宋体;\">毕业实习材料（实习鉴定、建议和实习报告）不齐全或不规范者，取消其成绩评定资格，造成的不良影响，后果自负。</span><span style=\"font-size:12.0pt;\"></span> \n					</p>\n				</td>\n			</tr>\n		</tbody>\n	</table>\n<span>sgfdgfdgfd</span>\n</p>', null, null, null, null);
COMMIT;

-- ----------------------------
--  Table structure for `assess`
-- ----------------------------
DROP TABLE IF EXISTS `assess`;
CREATE TABLE `assess` (
  `id` int(11) NOT NULL AUTO_INCREMENT,
  `assesscontent` longtext COMMENT '实习评价内容',
  `userid` int(11) DEFAULT NULL,
  `gmtcreate` varchar(255) DEFAULT NULL,
  `gmtmodify` varchar(255) DEFAULT NULL,
  `dr` bit(1) DEFAULT NULL,
  PRIMARY KEY (`id`)
) ENGINE=InnoDB AUTO_INCREMENT=5 DEFAULT CHARSET=utf8;

-- ----------------------------
--  Records of `assess`
-- ----------------------------
BEGIN;
INSERT INTO `assess` VALUES ('4', '<p class=\"MsoNormal\" style=\"text-indent:24.0pt;\">\n	专业：<u>&nbsp;&nbsp;&nbsp;&nbsp;&nbsp;&nbsp;&nbsp;&nbsp; &nbsp;&nbsp;&nbsp;&nbsp;&nbsp;&nbsp;&nbsp;</u>&nbsp;&nbsp;&nbsp;&nbsp;&nbsp;&nbsp;&nbsp;&nbsp;&nbsp;&nbsp;&nbsp;&nbsp;班级 ：<u>&nbsp;&nbsp;&nbsp;&nbsp;&nbsp;&nbsp;&nbsp;&nbsp;&nbsp;&nbsp;&nbsp;&nbsp;&nbsp;&nbsp;&nbsp; </u> \n</p>\n<div align=\"center\">\n	<table class=\"MsoNormalTable\" border=\"1\" cellspacing=\"0\" cellpadding=\"0\" width=\"449\" style=\"width:449.2pt;border:none;\">\n		<tbody>\n			<tr>\n				<td width=\"137\" colspan=\"3\" style=\"border:solid windowtext 1.0pt;\">\n					<p class=\"MsoNormal\" align=\"center\" style=\"text-align:center;\">\n						<span style=\"font-size:12.0pt;font-family:宋体;\">姓名</span><span style=\"font-size:12.0pt;\"></span> \n					</p>\n				</td>\n				<td width=\"86\" colspan=\"2\" style=\"border:solid windowtext 1.0pt;\">\n					<p class=\"MsoNormal\" align=\"center\" style=\"text-align:center;\">\n						<span style=\"font-size:12.0pt;\">hw&nbsp;</span> \n					</p>\n				</td>\n				<td width=\"37\" style=\"border:solid windowtext 1.0pt;\">\n					<p class=\"MsoNormal\" align=\"center\" style=\"text-align:center;\">\n						<span style=\"font-size:12.0pt;font-family:宋体;\">学号</span><span style=\"font-size:12.0pt;\"></span> \n					</p>\n				</td>\n				<td width=\"77\" colspan=\"3\" style=\"border:solid windowtext 1.0pt;\">\n					<p class=\"MsoNormal\" align=\"center\" style=\"text-align:center;\">\n						<span style=\"font-size:12.0pt;\">&nbsp;</span> \n					</p>\n				</td>\n				<td width=\"57\" colspan=\"2\" style=\"border:solid windowtext 1.0pt;\">\n					<p class=\"MsoNormal\" align=\"center\" style=\"text-align:center;\">\n						<span style=\"font-size:12.0pt;font-family:宋体;\">性别</span><span style=\"font-size:12.0pt;\"></span> \n					</p>\n				</td>\n				<td width=\"56\" style=\"border:solid windowtext 1.0pt;\">\n					<p class=\"MsoNormal\" align=\"center\" style=\"text-align:center;\">\n						<span style=\"font-size:12.0pt;\">&nbsp;</span> \n					</p>\n				</td>\n			</tr>\n			<tr>\n				<td width=\"137\" colspan=\"3\" style=\"border:solid windowtext 1.0pt;\">\n					<p class=\"MsoNormal\" align=\"center\" style=\"text-align:center;\">\n						<span style=\"font-size:12.0pt;font-family:宋体;\">实习单位</span><span style=\"font-size:12.0pt;\"></span> \n					</p>\n				</td>\n				<td width=\"312\" colspan=\"9\" style=\"border:solid windowtext 1.0pt;\">\n					<p class=\"MsoNormal\" align=\"center\" style=\"text-align:center;\">\n						<span style=\"font-size:12.0pt;font-family:宋体;\">asd丨实习部门电话丨</span><span style=\"font-size:12.0pt;\"></span> \n					</p>\n				</td>\n			</tr>\n			<tr>\n				<td width=\"137\" colspan=\"3\" style=\"border:solid windowtext 1.0pt;\">\n					<p class=\"MsoNormal\" align=\"center\" style=\"text-align:center;\">\n						<span style=\"font-size:12.0pt;font-family:宋体;\">实习部门</span><span style=\"font-size:12.0pt;\"></span> \n					</p>\n				</td>\n				<td width=\"171\" colspan=\"5\" style=\"border:solid windowtext 1.0pt;\">\n					<p class=\"MsoNormal\" align=\"center\" style=\"text-align:center;\">\n						<span style=\"font-size:12.0pt;\">&nbsp;</span> \n					</p>\n				</td>\n				<td width=\"59\" colspan=\"2\" style=\"border:solid windowtext 1.0pt;\">\n					<p class=\"MsoNormal\" align=\"center\" style=\"text-align:center;\">\n						<span style=\"font-size:12.0pt;font-family:宋体;\">实习时间</span><span style=\"font-size:12.0pt;\"></span> \n					</p>\n				</td>\n				<td width=\"83\" colspan=\"2\" style=\"border:solid windowtext 1.0pt;\">\n					<p class=\"MsoNormal\" align=\"center\" style=\"text-align:center;\">\n						<span style=\"font-size:12.0pt;\">&nbsp;</span> \n					</p>\n				</td>\n			</tr>\n			<tr>\n				<td width=\"47\" style=\"border:solid windowtext 1.0pt;\">\n					<p class=\"MsoNormal\" align=\"center\" style=\"text-align:center;\">\n						<span style=\"font-size:12.0pt;font-family:宋体;\">主要</span><span style=\"font-size:12.0pt;\"></span> \n					</p>\n					<p class=\"MsoNormal\" align=\"center\" style=\"text-align:center;\">\n						<span style=\"font-size:12.0pt;font-family:宋体;\">实习</span><span style=\"font-size:12.0pt;\"></span> \n					</p>\n					<p class=\"MsoNormal\" align=\"center\" style=\"text-align:center;\">\n						<span style=\"font-size:12.0pt;font-family:宋体;\">项目</span><span style=\"font-size:12.0pt;\"></span> \n					</p>\n					<p class=\"MsoNormal\" align=\"center\" style=\"text-align:center;\">\n						<span style=\"font-size:12.0pt;font-family:宋体;\">实习</span><span style=\"font-size:12.0pt;\"></span> \n					</p>\n					<p class=\"MsoNormal\" align=\"center\" style=\"text-align:center;\">\n						<span style=\"font-size:12.0pt;font-family:宋体;\">内容</span><span style=\"font-size:12.0pt;\"></span> \n					</p>\n					<p class=\"MsoNormal\">\n						<span style=\"font-size:12.0pt;\">&nbsp;</span> \n					</p>\n				</td>\n				<td width=\"402\" colspan=\"11\" style=\"border:solid windowtext 1.0pt;\">\n					<p class=\"MsoNormal\" align=\"center\" style=\"text-align:center;\">\n						<span style=\"font-size:12.0pt;\">&nbsp;</span> \n					</p>\n					<p class=\"MsoNormal\" align=\"center\" style=\"text-align:center;\">\n						<span style=\"font-size:12.0pt;\">&nbsp;</span> \n					</p>\n					<p class=\"MsoNormal\" align=\"center\" style=\"text-align:center;\">\n						<span style=\"font-size:12.0pt;\">&nbsp;</span> \n					</p>\n					<p class=\"MsoNormal\" align=\"center\" style=\"text-align:center;\">\n						<span style=\"font-size:12.0pt;\">&nbsp;</span> \n					</p>\n					<p class=\"MsoNormal\" align=\"center\" style=\"text-align:center;\">\n						<span style=\"font-size:12.0pt;\">&nbsp;</span> \n					</p>\n					<p class=\"MsoNormal\" align=\"center\" style=\"text-align:center;\">\n						<span style=\"font-size:12.0pt;\">&nbsp;</span> \n					</p>\n					<p class=\"MsoNormal\" align=\"center\" style=\"text-align:center;\">\n						<span style=\"font-size:12.0pt;\">&nbsp;</span> \n					</p>\n					<p class=\"MsoNormal\" align=\"center\" style=\"text-align:center;\">\n						<span style=\"font-size:12.0pt;\">&nbsp;</span> \n					</p>\n				</td>\n			</tr>\n			<tr>\n				<td width=\"47\" rowspan=\"2\" style=\"border:solid windowtext 1.0pt;\">\n					<p class=\"MsoNormal\" align=\"center\" style=\"text-align:center;\">\n						<span style=\"font-size:12.0pt;font-family:宋体;\">实习<span></span></span> \n					</p>\n					<p class=\"MsoNormal\" align=\"center\" style=\"text-align:center;\">\n						<span style=\"font-size:12.0pt;font-family:宋体;\">单位<span></span></span> \n					</p>\n					<p class=\"MsoNormal\" align=\"center\" style=\"text-align:center;\">\n						<span style=\"font-size:12.0pt;font-family:宋体;\">指导<span></span></span> \n					</p>\n					<p class=\"MsoNormal\" align=\"center\" style=\"text-align:center;\">\n						<span style=\"font-size:12.0pt;font-family:宋体;\">老师<span></span></span> \n					</p>\n					<p class=\"MsoNormal\" align=\"center\" style=\"text-align:center;\">\n						<span style=\"font-size:12.0pt;font-family:宋体;\">意见<span></span></span> \n					</p>\n				</td>\n				<td width=\"402\" colspan=\"11\" style=\"border:solid windowtext 1.0pt;\">\n					<p class=\"MsoNormal\" align=\"center\" style=\"text-align:center;\">\n						<span style=\"font-size:12.0pt;\">&nbsp;</span> \n					</p>\n					<p class=\"MsoNormal\" align=\"center\" style=\"text-align:center;\">\n						<span style=\"font-size:12.0pt;\">&nbsp;</span> \n					</p>\n					<p class=\"MsoNormal\" align=\"center\" style=\"text-align:center;\">\n						<span style=\"font-size:12.0pt;\">&nbsp;</span> \n					</p>\n					<p class=\"MsoNormal\" align=\"center\" style=\"text-align:center;\">\n						<span style=\"font-size:12.0pt;\">&nbsp;</span> \n					</p>\n					<p class=\"MsoNormal\" align=\"center\" style=\"text-align:center;\">\n						<span style=\"font-size:12.0pt;\">&nbsp;</span> \n					</p>\n					<p class=\"MsoNormal\" align=\"center\" style=\"text-align:center;\">\n						<span style=\"font-size:12.0pt;\">&nbsp;</span> \n					</p>\n				</td>\n			</tr>\n			<tr>\n				<td width=\"104\" colspan=\"3\" style=\"border:solid windowtext 1.0pt;\">\n					<p class=\"MsoNormal\" align=\"center\" style=\"text-align:center;\">\n						<span style=\"font-size:12.0pt;font-family:宋体;\">成</span><span style=\"font-size:12.0pt;\"> </span><span style=\"font-size:12.0pt;font-family:宋体;\">绩</span><span style=\"font-size:12.0pt;\"></span> \n					</p>\n				</td>\n				<td width=\"145\" colspan=\"3\" style=\"border:solid windowtext 1.0pt;\">\n					<p class=\"MsoNormal\" align=\"center\" style=\"text-align:center;\">\n						<span style=\"font-size:12.0pt;\">&nbsp;</span> \n					</p>\n					<p class=\"MsoNormal\" align=\"center\" style=\"text-align:center;\">\n						<span style=\"font-size:12.0pt;\">&nbsp;</span> \n					</p>\n				</td>\n				<td width=\"153\" colspan=\"5\" style=\"border:solid windowtext 1.0pt;\">\n					<p class=\"MsoNormal\" style=\"text-indent:48.0pt;\">\n						<span style=\"font-size:12.0pt;font-family:宋体;\">签名：</span><span style=\"font-size:12.0pt;\"></span> \n					</p>\n					<p class=\"MsoNormal\" align=\"center\" style=\"text-align:center;\">\n						<span style=\"font-size:12.0pt;font-family:宋体;\">年</span><span style=\"font-size:12.0pt;\">&nbsp;&nbsp; </span><span style=\"font-size:12.0pt;font-family:宋体;\">月</span><span style=\"font-size:12.0pt;\">&nbsp;&nbsp; </span><span style=\"font-size:12.0pt;font-family:宋体;\">日</span><span style=\"font-size:12.0pt;\"></span> \n					</p>\n				</td>\n			</tr>\n			<tr>\n				<td width=\"47\" style=\"border:solid windowtext 1.0pt;\">\n					<p class=\"MsoNormal\" align=\"center\" style=\"text-align:center;\">\n						<span style=\"font-size:12.0pt;font-family:宋体;\">实习<span></span></span> \n					</p>\n					<p class=\"MsoNormal\" align=\"center\" style=\"text-align:center;\">\n						<span style=\"font-size:12.0pt;font-family:宋体;\">单位<span></span></span> \n					</p>\n					<p class=\"MsoNormal\" align=\"center\" style=\"text-align:center;\">\n						<span style=\"font-size:12.0pt;font-family:宋体;\">鉴定</span><span style=\"font-size:12.0pt;\"></span> \n					</p>\n				</td>\n				<td width=\"402\" colspan=\"11\" style=\"border:solid windowtext 1.0pt;\">\n					<p class=\"MsoNormal\" align=\"center\" style=\"text-align:center;\">\n						<span style=\"font-size:12.0pt;font-family:宋体;\">&nbsp;</span> \n					</p>\n					<p class=\"MsoNormal\" align=\"center\" style=\"text-align:center;\">\n						<span style=\"font-size:12.0pt;font-family:宋体;\">&nbsp;</span> \n					</p>\n					<p class=\"MsoNormal\" align=\"center\" style=\"text-align:center;\">\n						<span style=\"font-size:12.0pt;font-family:宋体;\">&nbsp;</span> \n					</p>\n					<p class=\"MsoNormal\" align=\"center\" style=\"text-align:center;\">\n						<span style=\"font-size:12.0pt;font-family:宋体;\">&nbsp;</span> \n					</p>\n					<p class=\"MsoNormal\" align=\"center\" style=\"text-align:center;\">\n						<span style=\"font-size:12.0pt;font-family:宋体;\">&nbsp;</span> \n					</p>\n					<p class=\"MsoNormal\" align=\"center\" style=\"text-align:center;\">\n						<span style=\"font-size:12.0pt;font-family:宋体;\">&nbsp;</span> \n					</p>\n					<p class=\"MsoNormal\" align=\"center\" style=\"text-align:center;\">\n						<span style=\"font-size:12.0pt;font-family:宋体;\">&nbsp;&nbsp;&nbsp;&nbsp;&nbsp;&nbsp;&nbsp;&nbsp;&nbsp;&nbsp;&nbsp;&nbsp;&nbsp;&nbsp;&nbsp;&nbsp;&nbsp;&nbsp;&nbsp; </span> \n					</p>\n					<p class=\"MsoNormal\" align=\"center\" style=\"text-align:center;\">\n						<span style=\"font-size:12.0pt;font-family:宋体;\">&nbsp;&nbsp;&nbsp;&nbsp;&nbsp;&nbsp;&nbsp;&nbsp;&nbsp;&nbsp;&nbsp;&nbsp;&nbsp;&nbsp;&nbsp;&nbsp;&nbsp;&nbsp;&nbsp;&nbsp;&nbsp; </span><span style=\"font-size:12.0pt;font-family:宋体;\">实习单位：（盖章）<span></span></span> \n					</p>\n					<p class=\"MsoNormal\" align=\"center\" style=\"text-align:center;\">\n						<span style=\"font-size:12.0pt;font-family:宋体;\">&nbsp;&nbsp;&nbsp;&nbsp;&nbsp;&nbsp;&nbsp;&nbsp;&nbsp;&nbsp;&nbsp;&nbsp;&nbsp;&nbsp;&nbsp;&nbsp;&nbsp;&nbsp;&nbsp;&nbsp;&nbsp;&nbsp;&nbsp;&nbsp;&nbsp;&nbsp;&nbsp;&nbsp;&nbsp;&nbsp;&nbsp;&nbsp;&nbsp;&nbsp;&nbsp;&nbsp;&nbsp;&nbsp;&nbsp; </span><span style=\"font-size:12.0pt;font-family:宋体;\">年<span>&nbsp; </span>月<span>&nbsp; </span>日</span><span style=\"font-size:12.0pt;\"></span> \n					</p>\n				</td>\n			</tr>\n			<tr>\n				<td width=\"47\" rowspan=\"2\" style=\"border:solid windowtext 1.0pt;\">\n					<p class=\"MsoNormal\" align=\"center\" style=\"text-align:center;\">\n						<span style=\"font-size:12.0pt;font-family:宋体;\">系</span><span style=\"font-size:12.0pt;\"></span> \n					</p>\n					<p class=\"MsoNormal\" align=\"center\" style=\"text-align:center;\">\n						<span style=\"font-size:12.0pt;font-family:宋体;\">（部）</span><span style=\"font-size:12.0pt;\"></span> \n					</p>\n					<p class=\"MsoNormal\" align=\"center\" style=\"text-align:center;\">\n						<span style=\"font-size:12.0pt;font-family:宋体;\">意</span><span style=\"font-size:12.0pt;\"></span> \n					</p>\n					<p class=\"MsoNormal\" align=\"center\" style=\"text-align:center;\">\n						<span style=\"font-size:12.0pt;font-family:宋体;\">见</span><span style=\"font-size:12.0pt;\"></span> \n					</p>\n				</td>\n				<td width=\"249\" colspan=\"6\" style=\"border:solid windowtext 1.0pt;\">\n					<p class=\"MsoNormal\" align=\"center\" style=\"text-align:center;\">\n						<span style=\"font-size:12.0pt;\">&nbsp;</span> \n					</p>\n					<p class=\"MsoNormal\" align=\"center\" style=\"text-align:center;\">\n						<span style=\"font-size:12.0pt;\">&nbsp;</span> \n					</p>\n					<p class=\"MsoNormal\" align=\"center\" style=\"text-align:center;\">\n						<span style=\"font-size:12.0pt;\">&nbsp;</span> \n					</p>\n					<p class=\"MsoNormal\" align=\"center\" style=\"text-align:center;\">\n						<span style=\"font-size:12.0pt;\">&nbsp;</span> \n					</p>\n					<p class=\"MsoNormal\" align=\"center\" style=\"text-align:center;\">\n						<span style=\"font-size:12.0pt;\">&nbsp;</span> \n					</p>\n				</td>\n				<td width=\"153\" colspan=\"5\" rowspan=\"2\" style=\"border:solid windowtext 1.0pt;\">\n					<p class=\"MsoNormal\" align=\"center\" style=\"margin-left:51.1pt;text-align:center;\">\n						<span style=\"font-size:12.0pt;\">&nbsp;</span> \n					</p>\n					<p class=\"MsoNormal\" align=\"center\" style=\"margin-left:51.1pt;text-align:center;\">\n						<span style=\"font-size:12.0pt;\">&nbsp;</span> \n					</p>\n					<p class=\"MsoNormal\" style=\"text-indent:36.0pt;\">\n						<span style=\"font-size:12.0pt;font-family:宋体;\">（公章）</span><span style=\"font-size:12.0pt;\"></span> \n					</p>\n					<p class=\"MsoNormal\" align=\"center\" style=\"margin-left:51.1pt;text-align:center;\">\n						<span style=\"font-size:12.0pt;\">&nbsp;</span> \n					</p>\n					<p class=\"MsoNormal\" align=\"center\" style=\"text-align:center;\">\n						<span style=\"font-size:12.0pt;font-family:宋体;\">年</span><span style=\"font-size:12.0pt;\">&nbsp;&nbsp;&nbsp; </span><span style=\"font-size:12.0pt;font-family:宋体;\">月</span><span style=\"font-size:12.0pt;\">&nbsp;&nbsp;&nbsp; </span><span style=\"font-size:12.0pt;font-family:宋体;\">日</span><span style=\"font-size:12.0pt;\"></span> \n					</p>\n				</td>\n			</tr>\n			<tr>\n				<td width=\"68\" style=\"border:solid windowtext 1.0pt;\">\n					<p class=\"MsoNormal\" align=\"center\" style=\"text-align:center;\">\n						<span style=\"font-size:12.0pt;font-family:宋体;\">实训成绩</span><span style=\"font-size:12.0pt;\"></span> \n					</p>\n				</td>\n				<td width=\"36\" colspan=\"2\" style=\"border:solid windowtext 1.0pt;\">\n					<p class=\"MsoNormal\" align=\"center\" style=\"text-align:center;\">\n						<span style=\"font-size:12.0pt;\">&nbsp;</span> \n					</p>\n				</td>\n				<td width=\"72\" style=\"border:solid windowtext 1.0pt;\">\n					<p class=\"MsoNormal\" align=\"center\" style=\"text-align:center;\">\n						<span style=\"font-size:12.0pt;font-family:宋体;\">实训实习</span><span style=\"font-size:12.0pt;\"></span> \n					</p>\n					<p class=\"MsoNormal\" align=\"center\" style=\"text-align:center;\">\n						<span style=\"font-size:12.0pt;font-family:宋体;\">总评成绩</span><span style=\"font-size:12.0pt;\"></span> \n					</p>\n				</td>\n				<td width=\"73\" colspan=\"2\" style=\"border:solid windowtext 1.0pt;\">\n					<p class=\"MsoNormal\" align=\"center\" style=\"text-align:center;\">\n						<span style=\"font-size:12.0pt;\">&nbsp;</span> \n					</p>\n				</td>\n			</tr>\n			<tr>\n				<td width=\"47\" style=\"border:solid windowtext 1.0pt;\">\n					<p class=\"MsoNormal\" align=\"center\" style=\"text-align:center;\">\n						<span style=\"font-size:12.0pt;font-family:宋体;\">备注</span><span style=\"font-size:12.0pt;\"></span> \n					</p>\n				</td>\n				<td width=\"402\" colspan=\"11\" style=\"border:solid windowtext 1.0pt;\">\n					<p class=\"MsoNormal\" align=\"center\" style=\"text-align:center;\">\n						<span style=\"font-size:12.0pt;\">&nbsp;</span> \n					</p>\n				</td>\n			</tr>\n			<tr>\n				<td width=\"47\" style=\"border:none;\">\n				</td>\n				<td width=\"68\" style=\"border:none;\">\n				</td>\n				<td width=\"22\" style=\"border:none;\">\n				</td>\n				<td width=\"14\" style=\"border:none;\">\n				</td>\n				<td width=\"72\" style=\"border:none;\">\n				</td>\n				<td width=\"37\" style=\"border:none;\">\n				</td>\n				<td width=\"37\" style=\"border:none;\">\n				</td>\n				<td width=\"12\" style=\"border:none;\">\n				</td>\n				<td width=\"29\" style=\"border:none;\">\n				</td>\n				<td width=\"30\" style=\"border:none;\">\n				</td>\n				<td width=\"27\" style=\"border:none;\">\n				</td>\n				<td width=\"56\" style=\"border:none;\">\n				</td>\n			</tr>\n		</tbody>\n	</table>\n</div>\n<p class=\"MsoNormal\" style=\"text-indent:21.0pt;\">\n	说明：本表一式三份，一份课程组（系）留存，一份交教科办存档，一份随学生档案。<span></span> \n</p>', '4', null, null, null);
COMMIT;

-- ----------------------------
--  Table structure for `company`
-- ----------------------------
DROP TABLE IF EXISTS `company`;
CREATE TABLE `company` (
  `id` int(11) NOT NULL,
  `name` varchar(255) DEFAULT NULL COMMENT '公司名称',
  `world` varchar(255) DEFAULT NULL COMMENT '领域',
  `scale` varchar(255) DEFAULT NULL COMMENT '规模',
  `address` varchar(255) DEFAULT NULL COMMENT '地址',
  `about` longtext COMMENT '简介',
  `gmtcreate` varchar(255) DEFAULT NULL COMMENT '创建时间',
  `gmtmodify` varchar(255) DEFAULT NULL COMMENT '修改时间',
  `dr` bit(1) DEFAULT NULL,
  `success` bit(1) DEFAULT NULL COMMENT '审核状态',
  PRIMARY KEY (`id`)
) ENGINE=InnoDB DEFAULT CHARSET=utf8;

-- ----------------------------
--  Records of `company`
-- ----------------------------
BEGIN;
INSERT INTO `company` VALUES ('3', '石河子大学', '1000', 'da', '新疆', '招聘java开发', null, null, null, b'1'), ('5', '实习单位1', '公司', '1000-10000人', '北京', '新疆分公司', null, null, null, b'1'), ('8', 'ceshidanwei', 'wsd', '123asd', '123asd', '12312', null, null, null, null), ('9', 'sda', 'asfas', 'asf', 'fas', 'qweq', null, null, null, null);
COMMIT;

-- ----------------------------
--  Table structure for `job`
-- ----------------------------
DROP TABLE IF EXISTS `job`;
CREATE TABLE `job` (
  `id` int(11) NOT NULL AUTO_INCREMENT,
  `companyid` int(11) DEFAULT NULL COMMENT '公司ID',
  `name` varchar(255) DEFAULT NULL COMMENT '岗位名称',
  `major` varchar(255) DEFAULT NULL COMMENT '专业要求',
  `num` int(11) DEFAULT NULL COMMENT '招聘人数',
  `address` varchar(255) DEFAULT NULL COMMENT '工作地点',
  `degree` varchar(255) DEFAULT NULL COMMENT '学历要求',
  `money` varchar(255) DEFAULT NULL COMMENT '工资',
  `jobdescribe` longtext COMMENT '职位描述',
  `lapse` bit(1) DEFAULT NULL COMMENT '失效',
  `success` bit(1) DEFAULT NULL COMMENT '审核状态',
  `gmtcreate` varchar(255) DEFAULT NULL,
  `gmtmodify` varchar(255) DEFAULT NULL,
  `dr` bit(1) DEFAULT NULL,
  PRIMARY KEY (`id`)
) ENGINE=InnoDB AUTO_INCREMENT=6 DEFAULT CHARSET=utf8;

-- ----------------------------
--  Records of `job`
-- ----------------------------
BEGIN;
INSERT INTO `job` VALUES ('1', '3', 'java开发', '速度', '111', '123', '31', '31', 'zhiweimiaoshu', b'0', b'1', '2018-04-16 22:25:11', '2018-04-25 21:10:23', null), ('2', '3', 'php', '123', '123', '123', '123', '123', 'php', b'0', b'1', '2018-04-18 01:19:26', '2018-04-25 21:10:26', null), ('3', '3', 'dsf', 'sdfg', '1112', 'fgf', 'fhd', 'hfd', '<table style=\"width:100%;\" cellpadding=\"2\" cellspacing=\"0\" border=\"1\" bordercolor=\"#000000\">\n	<tbody>\n		<tr>\n			<td>\n				sdf\n			</td>\n			<td>\n				gg\n			</td>\n		</tr>\n		<tr>\n			<td>\n				sdf\n			</td>\n			<td>\n				gf\n			</td>\n		</tr>\n		<tr>\n			<td>\n				sdf\n			</td>\n			<td>\n				dfg\n			</td>\n		</tr>\n	</tbody>\n</table>\n<br />', b'0', b'1', '2018-04-20 13:26:19', '2018-04-25 21:10:28', null), ('4', '5', '前端开发', '信管、计科', '100', '乌鲁木齐', '本科及以上', '4500-7000', '<p>\n	1.会vue、react、angularJS等其中的一种前端框架；\n</p>\n<p>\n	2.做过前端项目并要有发布的在线作品；\n</p>', b'0', b'1', '2018-04-23 15:17:11', '2018-04-25 20:26:43', null), ('5', '5', '阿萨德', 'as', '12', '阿萨德', '阿萨德', '123', '史蒂芬', b'0', null, '2018-05-17 12:10:41', null, null);
COMMIT;

-- ----------------------------
--  Table structure for `recruit`
-- ----------------------------
DROP TABLE IF EXISTS `recruit`;
CREATE TABLE `recruit` (
  `id` int(11) NOT NULL AUTO_INCREMENT,
  `companyid` int(11) DEFAULT NULL COMMENT '公司id',
  `lapse` bit(1) DEFAULT NULL COMMENT '失效',
  `address` varchar(255) DEFAULT NULL COMMENT '宣讲会地址',
  `starttime` varchar(255) DEFAULT NULL COMMENT '宣讲会开始时间',
  `endtime` varchar(255) DEFAULT NULL COMMENT '招聘截止时间',
  `contractuser` varchar(255) DEFAULT NULL COMMENT '联系人',
  `contractnumber` int(11) DEFAULT NULL COMMENT '联系人电话',
  `contractemail` varchar(255) DEFAULT NULL COMMENT '联系邮箱',
  `contractaddress` varchar(255) DEFAULT NULL COMMENT '联系地址',
  `sendresumeurl` varchar(255) DEFAULT NULL COMMENT '简历投递地址',
  `motoley` longtext COMMENT '简介',
  `gmtcreate` varchar(255) DEFAULT NULL,
  `gmtmodify` varchar(255) DEFAULT NULL,
  `dr` bit(1) DEFAULT NULL,
  PRIMARY KEY (`id`)
) ENGINE=InnoDB AUTO_INCREMENT=3 DEFAULT CHARSET=utf8;

-- ----------------------------
--  Records of `recruit`
-- ----------------------------
BEGIN;
INSERT INTO `recruit` VALUES ('1', '3', b'0', '石河子1', '2018-04-16 21:45', '2018-04-20 21:45', '马先生', '110', '1213@qq.com', '石河子大学', 'btorg.org', '新疆最牛逼', null, null, null), ('2', '5', b'0', 'xj', '2018-04-23 15:27', '2018-04-30 15:27', 'xxx', '123123123', '213xc', 'xxx', 'xxxx', 'xxxx', '2018-04-23 15:27:20', null, null);
COMMIT;

-- ----------------------------
--  Table structure for `resume`
-- ----------------------------
DROP TABLE IF EXISTS `resume`;
CREATE TABLE `resume` (
  `id` int(11) NOT NULL AUTO_INCREMENT,
  `realname` varchar(255) DEFAULT NULL COMMENT '真实姓名',
  `skill` varchar(255) DEFAULT NULL COMMENT '技能特长',
  `major` varchar(255) DEFAULT NULL COMMENT '专业',
  `course` varchar(255) DEFAULT NULL COMMENT '课程信息',
  `project` varchar(255) DEFAULT NULL COMMENT '项目经验',
  `hobbies` varchar(255) DEFAULT NULL COMMENT '兴趣爱好',
  `studentid` int(11) DEFAULT NULL COMMENT '学生id',
  `gmtcreate` varchar(255) DEFAULT NULL,
  `gmtmodify` varchar(255) DEFAULT NULL,
  `dr` bit(1) DEFAULT NULL,
  PRIMARY KEY (`id`)
) ENGINE=InnoDB AUTO_INCREMENT=2 DEFAULT CHARSET=utf8;

-- ----------------------------
--  Records of `resume`
-- ----------------------------
BEGIN;
INSERT INTO `resume` VALUES ('1', 'hw', 'afas', 'asd', 'fsaf', 'asf', 'sfasas', '4', '2018-04-20 13:13:50', null, null);
COMMIT;

-- ----------------------------
--  Table structure for `score`
-- ----------------------------
DROP TABLE IF EXISTS `score`;
CREATE TABLE `score` (
  `id` int(11) NOT NULL AUTO_INCREMENT,
  `pid` int(11) DEFAULT NULL COMMENT '教师id',
  `companyid` int(11) DEFAULT NULL COMMENT '公司id',
  `tscore` double DEFAULT NULL COMMENT '教师评分',
  `cscore` double DEFAULT NULL COMMENT '公司评分',
  `sum` double DEFAULT NULL COMMENT '公司评分',
  `ccomment` varchar(255) DEFAULT NULL COMMENT '公司评语',
  `tcomment` varchar(255) DEFAULT NULL COMMENT '教师评语',
  `gmtcreate` varchar(255) DEFAULT NULL,
  `gmtmodify` varchar(255) DEFAULT NULL,
  `dr` bit(1) DEFAULT NULL,
  PRIMARY KEY (`id`)
) ENGINE=InnoDB DEFAULT CHARSET=utf8;

-- ----------------------------
--  Table structure for `train`
-- ----------------------------
DROP TABLE IF EXISTS `train`;
CREATE TABLE `train` (
  `id` int(11) NOT NULL AUTO_INCREMENT,
  `companyid` int(11) DEFAULT NULL COMMENT '公司id',
  `title` varchar(255) DEFAULT NULL COMMENT '培训主题',
  `teacher` varchar(255) DEFAULT NULL COMMENT '讲师姓名',
  `address` varchar(255) DEFAULT NULL COMMENT '培训地址',
  `number` int(11) DEFAULT NULL COMMENT '培训人数',
  `starttime` varchar(255) DEFAULT NULL COMMENT '开始时间',
  `endtime` varchar(255) DEFAULT NULL COMMENT '结束时间',
  `content` longtext COMMENT '培训内容',
  `gmtcreate` varchar(255) DEFAULT NULL,
  `gmtmodify` varchar(255) DEFAULT NULL,
  `dr` bit(1) DEFAULT NULL,
  PRIMARY KEY (`id`)
) ENGINE=InnoDB AUTO_INCREMENT=4 DEFAULT CHARSET=utf8;

-- ----------------------------
--  Records of `train`
-- ----------------------------
BEGIN;
INSERT INTO `train` VALUES ('2', '3', 'java', '大黄', '学校', '1000', '2018-04-16', '2018-04-21', '<div align=\"center\">\n	<table class=\"MsoNormalTable\" border=\"1\" cellspacing=\"0\" cellpadding=\"0\" width=\"449\" style=\"width:449.2pt;border:none;\">\n		<tbody>\n			<tr>\n				<td width=\"137\" colspan=\"3\" style=\"border:solid windowtext 1.0pt;\">\n					<p class=\"MsoNormal\" align=\"center\" style=\"text-align:center;\">\n						<span style=\"font-size:12.0pt;font-family:宋体;\">姓名</span><span style=\"font-size:12.0pt;\"></span>\n					</p>\n				</td>\n				<td width=\"86\" colspan=\"2\" style=\"border:solid windowtext 1.0pt;\">\n					<p class=\"MsoNormal\" align=\"center\" style=\"text-align:center;\">\n						<span style=\"font-size:12.0pt;\">&nbsp;</span>\n					</p>\n				</td>\n				<td width=\"37\" style=\"border:solid windowtext 1.0pt;\">\n					<p class=\"MsoNormal\" align=\"center\" style=\"text-align:center;\">\n						<span style=\"font-size:12.0pt;font-family:宋体;\">学号</span><span style=\"font-size:12.0pt;\"></span>\n					</p>\n				</td>\n				<td width=\"77\" colspan=\"3\" style=\"border:solid windowtext 1.0pt;\">\n					<p class=\"MsoNormal\" align=\"center\" style=\"text-align:center;\">\n						<span style=\"font-size:12.0pt;\">&nbsp;</span>\n					</p>\n				</td>\n				<td width=\"57\" colspan=\"2\" style=\"border:solid windowtext 1.0pt;\">\n					<p class=\"MsoNormal\" align=\"center\" style=\"text-align:center;\">\n						<span style=\"font-size:12.0pt;font-family:宋体;\">性别</span><span style=\"font-size:12.0pt;\"></span>\n					</p>\n				</td>\n				<td width=\"56\" style=\"border:solid windowtext 1.0pt;\">\n					<p class=\"MsoNormal\" align=\"center\" style=\"text-align:center;\">\n						<span style=\"font-size:12.0pt;\">&nbsp;</span>\n					</p>\n				</td>\n			</tr>\n			<tr>\n				<td width=\"137\" colspan=\"3\" style=\"border:solid windowtext 1.0pt;\">\n					<p class=\"MsoNormal\" align=\"center\" style=\"text-align:center;\">\n						<span style=\"font-size:12.0pt;font-family:宋体;\">实习单位</span><span style=\"font-size:12.0pt;\"></span>\n					</p>\n				</td>\n				<td width=\"312\" colspan=\"9\" style=\"border:solid windowtext 1.0pt;\">\n					<p class=\"MsoNormal\" align=\"center\" style=\"text-align:center;\">\n						<span style=\"font-size:12.0pt;font-family:宋体;\">丨实习部门电话丨</span><span style=\"font-size:12.0pt;\"></span>\n					</p>\n				</td>\n			</tr>\n			<tr>\n				<td width=\"137\" colspan=\"3\" style=\"border:solid windowtext 1.0pt;\">\n					<p class=\"MsoNormal\" align=\"center\" style=\"text-align:center;\">\n						<span style=\"font-size:12.0pt;font-family:宋体;\">实习部门</span><span style=\"font-size:12.0pt;\"></span>\n					</p>\n				</td>\n				<td width=\"171\" colspan=\"5\" style=\"border:solid windowtext 1.0pt;\">\n					<p class=\"MsoNormal\" align=\"center\" style=\"text-align:center;\">\n						<span style=\"font-size:12.0pt;\">&nbsp;</span>\n					</p>\n				</td>\n				<td width=\"59\" colspan=\"2\" style=\"border:solid windowtext 1.0pt;\">\n					<p class=\"MsoNormal\" align=\"center\" style=\"text-align:center;\">\n						<span style=\"font-size:12.0pt;font-family:宋体;\">实习时间</span><span style=\"font-size:12.0pt;\"></span>\n					</p>\n				</td>\n				<td width=\"83\" colspan=\"2\" style=\"border:solid windowtext 1.0pt;\">\n					<p class=\"MsoNormal\" align=\"center\" style=\"text-align:center;\">\n						<span style=\"font-size:12.0pt;\">&nbsp;</span>\n					</p>\n				</td>\n			</tr>\n			<tr>\n				<td width=\"47\" style=\"border:solid windowtext 1.0pt;\">\n					<p class=\"MsoNormal\" align=\"center\" style=\"text-align:center;\">\n						<span style=\"font-size:12.0pt;font-family:宋体;\">主要</span><span style=\"font-size:12.0pt;\"></span>\n					</p>\n					<p class=\"MsoNormal\" align=\"center\" style=\"text-align:center;\">\n						<span style=\"font-size:12.0pt;font-family:宋体;\">实习</span><span style=\"font-size:12.0pt;\"></span>\n					</p>\n					<p class=\"MsoNormal\" align=\"center\" style=\"text-align:center;\">\n						<span style=\"font-size:12.0pt;font-family:宋体;\">项目</span><span style=\"font-size:12.0pt;\"></span>\n					</p>\n					<p class=\"MsoNormal\" align=\"center\" style=\"text-align:center;\">\n						<span style=\"font-size:12.0pt;font-family:宋体;\">实习</span><span style=\"font-size:12.0pt;\"></span>\n					</p>\n					<p class=\"MsoNormal\" align=\"center\" style=\"text-align:center;\">\n						<span style=\"font-size:12.0pt;font-family:宋体;\">内容</span><span style=\"font-size:12.0pt;\"></span>\n					</p>\n					<p class=\"MsoNormal\">\n						<span style=\"font-size:12.0pt;\">&nbsp;</span>\n					</p>\n				</td>\n				<td width=\"402\" colspan=\"11\" style=\"border:solid windowtext 1.0pt;\">\n					<p class=\"MsoNormal\" align=\"center\" style=\"text-align:center;\">\n						<span style=\"font-size:12.0pt;\">&nbsp;</span>\n					</p>\n					<p class=\"MsoNormal\" align=\"center\" style=\"text-align:center;\">\n						<span style=\"font-size:12.0pt;\">&nbsp;</span>\n					</p>\n					<p class=\"MsoNormal\" align=\"center\" style=\"text-align:center;\">\n						<span style=\"font-size:12.0pt;\">&nbsp;</span>\n					</p>\n					<p class=\"MsoNormal\" align=\"center\" style=\"text-align:center;\">\n						<span style=\"font-size:12.0pt;\">&nbsp;</span>\n					</p>\n					<p class=\"MsoNormal\" align=\"center\" style=\"text-align:center;\">\n						<span style=\"font-size:12.0pt;\">&nbsp;</span>\n					</p>\n					<p class=\"MsoNormal\" align=\"center\" style=\"text-align:center;\">\n						<span style=\"font-size:12.0pt;\">&nbsp;</span>\n					</p>\n					<p class=\"MsoNormal\" align=\"center\" style=\"text-align:center;\">\n						<span style=\"font-size:12.0pt;\">&nbsp;</span>\n					</p>\n					<p class=\"MsoNormal\" align=\"center\" style=\"text-align:center;\">\n						<span style=\"font-size:12.0pt;\">&nbsp;</span>\n					</p>\n				</td>\n			</tr>\n			<tr>\n				<td width=\"47\" rowspan=\"2\" style=\"border:solid windowtext 1.0pt;\">\n					<p class=\"MsoNormal\" align=\"center\" style=\"text-align:center;\">\n						<span style=\"font-size:12.0pt;font-family:宋体;\">实习<span></span></span>\n					</p>\n					<p class=\"MsoNormal\" align=\"center\" style=\"text-align:center;\">\n						<span style=\"font-size:12.0pt;font-family:宋体;\">单位<span></span></span>\n					</p>\n					<p class=\"MsoNormal\" align=\"center\" style=\"text-align:center;\">\n						<span style=\"font-size:12.0pt;font-family:宋体;\">指导<span></span></span>\n					</p>\n					<p class=\"MsoNormal\" align=\"center\" style=\"text-align:center;\">\n						<span style=\"font-size:12.0pt;font-family:宋体;\">老师<span></span></span>\n					</p>\n					<p class=\"MsoNormal\" align=\"center\" style=\"text-align:center;\">\n						<span style=\"font-size:12.0pt;font-family:宋体;\">意见<span></span></span>\n					</p>\n				</td>\n				<td width=\"402\" colspan=\"11\" style=\"border:solid windowtext 1.0pt;\">\n					<p class=\"MsoNormal\" align=\"center\" style=\"text-align:center;\">\n						<span style=\"font-size:12.0pt;\">&nbsp;</span>\n					</p>\n					<p class=\"MsoNormal\" align=\"center\" style=\"text-align:center;\">\n						<span style=\"font-size:12.0pt;\">&nbsp;</span>\n					</p>\n					<p class=\"MsoNormal\" align=\"center\" style=\"text-align:center;\">\n						<span style=\"font-size:12.0pt;\">&nbsp;</span>\n					</p>\n					<p class=\"MsoNormal\" align=\"center\" style=\"text-align:center;\">\n						<span style=\"font-size:12.0pt;\">&nbsp;</span>\n					</p>\n					<p class=\"MsoNormal\" align=\"center\" style=\"text-align:center;\">\n						<span style=\"font-size:12.0pt;\">&nbsp;</span>\n					</p>\n					<p class=\"MsoNormal\" align=\"center\" style=\"text-align:center;\">\n						<span style=\"font-size:12.0pt;\">&nbsp;</span>\n					</p>\n				</td>\n			</tr>\n			<tr>\n				<td width=\"104\" colspan=\"3\" style=\"border:solid windowtext 1.0pt;\">\n					<p class=\"MsoNormal\" align=\"center\" style=\"text-align:center;\">\n						<span style=\"font-size:12.0pt;font-family:宋体;\">成</span><span style=\"font-size:12.0pt;\"> </span><span style=\"font-size:12.0pt;font-family:宋体;\">绩</span><span style=\"font-size:12.0pt;\"></span>\n					</p>\n				</td>\n				<td width=\"145\" colspan=\"3\" style=\"border:solid windowtext 1.0pt;\">\n					<p class=\"MsoNormal\" align=\"center\" style=\"text-align:center;\">\n						<span style=\"font-size:12.0pt;\">&nbsp;</span>\n					</p>\n					<p class=\"MsoNormal\" align=\"center\" style=\"text-align:center;\">\n						<span style=\"font-size:12.0pt;\">&nbsp;</span>\n					</p>\n				</td>\n				<td width=\"153\" colspan=\"5\" style=\"border:solid windowtext 1.0pt;\">\n					<p class=\"MsoNormal\" style=\"text-indent:48.0pt;\">\n						<span style=\"font-size:12.0pt;font-family:宋体;\">签名：</span><span style=\"font-size:12.0pt;\"></span>\n					</p>\n					<p class=\"MsoNormal\" align=\"center\" style=\"text-align:center;\">\n						<span style=\"font-size:12.0pt;font-family:宋体;\">年</span><span style=\"font-size:12.0pt;\">&nbsp;&nbsp; </span><span style=\"font-size:12.0pt;font-family:宋体;\">月</span><span style=\"font-size:12.0pt;\">&nbsp;&nbsp; </span><span style=\"font-size:12.0pt;font-family:宋体;\">日</span><span style=\"font-size:12.0pt;\"></span>\n					</p>\n				</td>\n			</tr>\n			<tr>\n				<td width=\"47\" style=\"border:solid windowtext 1.0pt;\">\n					<p class=\"MsoNormal\" align=\"center\" style=\"text-align:center;\">\n						<span style=\"font-size:12.0pt;font-family:宋体;\">实习<span></span></span>\n					</p>\n					<p class=\"MsoNormal\" align=\"center\" style=\"text-align:center;\">\n						<span style=\"font-size:12.0pt;font-family:宋体;\">单位<span></span></span>\n					</p>\n					<p class=\"MsoNormal\" align=\"center\" style=\"text-align:center;\">\n						<span style=\"font-size:12.0pt;font-family:宋体;\">鉴定</span><span style=\"font-size:12.0pt;\"></span>\n					</p>\n				</td>\n				<td width=\"402\" colspan=\"11\" style=\"border:solid windowtext 1.0pt;\">\n					<p class=\"MsoNormal\" align=\"center\" style=\"text-align:center;\">\n						<span style=\"font-size:12.0pt;font-family:宋体;\">&nbsp;</span>\n					</p>\n					<p class=\"MsoNormal\" align=\"center\" style=\"text-align:center;\">\n						<span style=\"font-size:12.0pt;font-family:宋体;\">&nbsp;</span>\n					</p>\n					<p class=\"MsoNormal\" align=\"center\" style=\"text-align:center;\">\n						<span style=\"font-size:12.0pt;font-family:宋体;\">&nbsp;</span>\n					</p>\n					<p class=\"MsoNormal\" align=\"center\" style=\"text-align:center;\">\n						<span style=\"font-size:12.0pt;font-family:宋体;\">&nbsp;</span>\n					</p>\n					<p class=\"MsoNormal\" align=\"center\" style=\"text-align:center;\">\n						<span style=\"font-size:12.0pt;font-family:宋体;\">&nbsp;</span>\n					</p>\n					<p class=\"MsoNormal\" align=\"center\" style=\"text-align:center;\">\n						<span style=\"font-size:12.0pt;font-family:宋体;\">&nbsp;</span>\n					</p>\n					<p class=\"MsoNormal\" align=\"center\" style=\"text-align:center;\">\n						<span style=\"font-size:12.0pt;font-family:宋体;\">&nbsp;&nbsp;&nbsp;&nbsp;&nbsp;&nbsp;&nbsp;&nbsp;&nbsp;&nbsp;&nbsp;&nbsp;&nbsp;&nbsp;&nbsp;&nbsp;&nbsp;&nbsp;&nbsp; </span>\n					</p>\n					<p class=\"MsoNormal\" align=\"center\" style=\"text-align:center;\">\n						<span style=\"font-size:12.0pt;font-family:宋体;\">&nbsp;&nbsp;&nbsp;&nbsp;&nbsp;&nbsp;&nbsp;&nbsp;&nbsp;&nbsp;&nbsp;&nbsp;&nbsp;&nbsp;&nbsp;&nbsp;&nbsp;&nbsp;&nbsp;&nbsp;&nbsp; </span><span style=\"font-size:12.0pt;font-family:宋体;\">实习单位：（盖章）<span></span></span>\n					</p>\n					<p class=\"MsoNormal\" align=\"center\" style=\"text-align:center;\">\n						<span style=\"font-size:12.0pt;font-family:宋体;\">&nbsp;&nbsp;&nbsp;&nbsp;&nbsp;&nbsp;&nbsp;&nbsp;&nbsp;&nbsp;&nbsp;&nbsp;&nbsp;&nbsp;&nbsp;&nbsp;&nbsp;&nbsp;&nbsp;&nbsp;&nbsp;&nbsp;&nbsp;&nbsp;&nbsp;&nbsp;&nbsp;&nbsp;&nbsp;&nbsp;&nbsp;&nbsp;&nbsp;&nbsp;&nbsp;&nbsp;&nbsp;&nbsp;&nbsp; </span><span style=\"font-size:12.0pt;font-family:宋体;\">年<span>&nbsp; </span>月<span>&nbsp; </span>日</span><span style=\"font-size:12.0pt;\"></span>\n					</p>\n				</td>\n			</tr>\n			<tr>\n				<td width=\"47\" rowspan=\"2\" style=\"border:solid windowtext 1.0pt;\">\n					<p class=\"MsoNormal\" align=\"center\" style=\"text-align:center;\">\n						<span style=\"font-size:12.0pt;font-family:宋体;\">系</span><span style=\"font-size:12.0pt;\"></span>\n					</p>\n					<p class=\"MsoNormal\" align=\"center\" style=\"text-align:center;\">\n						<span style=\"font-size:12.0pt;font-family:宋体;\">（部）</span><span style=\"font-size:12.0pt;\"></span>\n					</p>\n					<p class=\"MsoNormal\" align=\"center\" style=\"text-align:center;\">\n						<span style=\"font-size:12.0pt;font-family:宋体;\">意</span><span style=\"font-size:12.0pt;\"></span>\n					</p>\n					<p class=\"MsoNormal\" align=\"center\" style=\"text-align:center;\">\n						<span style=\"font-size:12.0pt;font-family:宋体;\">见</span><span style=\"font-size:12.0pt;\"></span>\n					</p>\n				</td>\n				<td width=\"249\" colspan=\"6\" style=\"border:solid windowtext 1.0pt;\">\n					<p class=\"MsoNormal\" align=\"center\" style=\"text-align:center;\">\n						<span style=\"font-size:12.0pt;\">&nbsp;</span>\n					</p>\n					<p class=\"MsoNormal\" align=\"center\" style=\"text-align:center;\">\n						<span style=\"font-size:12.0pt;\">&nbsp;</span>\n					</p>\n					<p class=\"MsoNormal\" align=\"center\" style=\"text-align:center;\">\n						<span style=\"font-size:12.0pt;\">&nbsp;</span>\n					</p>\n					<p class=\"MsoNormal\" align=\"center\" style=\"text-align:center;\">\n						<span style=\"font-size:12.0pt;\">&nbsp;</span>\n					</p>\n					<p class=\"MsoNormal\" align=\"center\" style=\"text-align:center;\">\n						<span style=\"font-size:12.0pt;\">&nbsp;</span>\n					</p>\n				</td>\n				<td width=\"153\" colspan=\"5\" rowspan=\"2\" style=\"border:solid windowtext 1.0pt;\">\n					<p class=\"MsoNormal\" align=\"center\" style=\"margin-left:51.1pt;text-align:center;\">\n						<span style=\"font-size:12.0pt;\">&nbsp;</span>\n					</p>\n					<p class=\"MsoNormal\" align=\"center\" style=\"margin-left:51.1pt;text-align:center;\">\n						<span style=\"font-size:12.0pt;\">&nbsp;</span>\n					</p>\n					<p class=\"MsoNormal\" style=\"text-indent:36.0pt;\">\n						<span style=\"font-size:12.0pt;font-family:宋体;\">（公章）</span><span style=\"font-size:12.0pt;\"></span>\n					</p>\n					<p class=\"MsoNormal\" align=\"center\" style=\"margin-left:51.1pt;text-align:center;\">\n						<span style=\"font-size:12.0pt;\">&nbsp;</span>\n					</p>\n					<p class=\"MsoNormal\" align=\"center\" style=\"text-align:center;\">\n						<span style=\"font-size:12.0pt;font-family:宋体;\">年</span><span style=\"font-size:12.0pt;\">&nbsp;&nbsp;&nbsp; </span><span style=\"font-size:12.0pt;font-family:宋体;\">月</span><span style=\"font-size:12.0pt;\">&nbsp;&nbsp;&nbsp; </span><span style=\"font-size:12.0pt;font-family:宋体;\">日</span><span style=\"font-size:12.0pt;\"></span>\n					</p>\n				</td>\n			</tr>\n			<tr>\n				<td width=\"68\" style=\"border:solid windowtext 1.0pt;\">\n					<p class=\"MsoNormal\" align=\"center\" style=\"text-align:center;\">\n						<span style=\"font-size:12.0pt;font-family:宋体;\">实训成绩</span><span style=\"font-size:12.0pt;\"></span>\n					</p>\n				</td>\n				<td width=\"36\" colspan=\"2\" style=\"border:solid windowtext 1.0pt;\">\n					<p class=\"MsoNormal\" align=\"center\" style=\"text-align:center;\">\n						<span style=\"font-size:12.0pt;\">&nbsp;</span>\n					</p>\n				</td>\n				<td width=\"72\" style=\"border:solid windowtext 1.0pt;\">\n					<p class=\"MsoNormal\" align=\"center\" style=\"text-align:center;\">\n						<span style=\"font-size:12.0pt;font-family:宋体;\">实训实习</span><span style=\"font-size:12.0pt;\"></span>\n					</p>\n					<p class=\"MsoNormal\" align=\"center\" style=\"text-align:center;\">\n						<span style=\"font-size:12.0pt;font-family:宋体;\">总评成绩</span><span style=\"font-size:12.0pt;\"></span>\n					</p>\n				</td>\n				<td width=\"73\" colspan=\"2\" style=\"border:solid windowtext 1.0pt;\">\n					<p class=\"MsoNormal\" align=\"center\" style=\"text-align:center;\">\n						<span style=\"font-size:12.0pt;\">&nbsp;</span>\n					</p>\n				</td>\n			</tr>\n			<tr>\n				<td width=\"47\" style=\"border:solid windowtext 1.0pt;\">\n					<p class=\"MsoNormal\" align=\"center\" style=\"text-align:center;\">\n						<span style=\"font-size:12.0pt;font-family:宋体;\">备注</span><span style=\"font-size:12.0pt;\"></span>\n					</p>\n				</td>\n				<td width=\"402\" colspan=\"11\" style=\"border:solid windowtext 1.0pt;\">\n					<p class=\"MsoNormal\" align=\"center\" style=\"text-align:center;\">\n						<span style=\"font-size:12.0pt;\">&nbsp;</span>\n					</p>\n				</td>\n			</tr>\n		</tbody>\n	</table>\n</div>', null, '2018-04-20 14:04:16', null), ('3', '5', 'com1', '111', '111', '111', '2018-04-23', '2018-04-28', '11111', '2018-04-23 19:26:57', null, null);
COMMIT;

-- ----------------------------
--  Table structure for `user`
-- ----------------------------
DROP TABLE IF EXISTS `user`;
CREATE TABLE `user` (
  `id` int(11) NOT NULL AUTO_INCREMENT,
  `username` varchar(255) DEFAULT NULL COMMENT '用户名',
  `password` varchar(255) DEFAULT NULL COMMENT '密码',
  `realname` varchar(255) DEFAULT NULL COMMENT '真实姓名',
  `usertype` varchar(255) DEFAULT NULL COMMENT '用户类型',
  `sex` varchar(255) DEFAULT NULL COMMENT '性别',
  `birthday` varchar(255) DEFAULT NULL COMMENT '出生日期',
  `phonenumber` int(11) DEFAULT NULL COMMENT '手机号',
  `email` varchar(255) DEFAULT NULL COMMENT '邮箱',
  `gmtcreate` varchar(255) DEFAULT NULL,
  `gmtmodify` varchar(255) DEFAULT NULL,
  `dr` bit(1) DEFAULT NULL,
  PRIMARY KEY (`id`)
) ENGINE=InnoDB AUTO_INCREMENT=10 DEFAULT CHARSET=utf8;

-- ----------------------------
--  Records of `user`
-- ----------------------------
BEGIN;
INSERT INTO `user` VALUES ('1', 'mxy', '202cb962ac59075b964b07152d234b70', 'mxy', 'admin', '男', null, null, null, null, null, null), ('2', 'tea', '202cb962ac59075b964b07152d234b70', null, 'teacher', null, null, null, null, null, '2018-04-16 21:22:28', null), ('3', 'com', '202cb962ac59075b964b07152d234b70', null, 'company', null, null, null, null, null, '2018-04-16 21:23:01', null), ('4', 'hw', '202cb962ac59075b964b07152d234b70', '', 'student', '男', '', null, '', null, '2018-04-16 22:11:21', null), ('5', 'com1', '202cb962ac59075b964b07152d234b70', null, 'company', null, null, null, null, null, '2018-04-23 15:13:59', null), ('6', 'xxx', '202cb962ac59075b964b07152d234b70', null, 'student', null, null, null, null, null, '2018-04-23 15:31:31', null), ('7', 'com5', '202cb962ac59075b964b07152d234b70', null, 'company', null, null, null, null, null, '2018-05-16 21:07:46', null), ('8', 'com6', '202cb962ac59075b964b07152d234b70', null, 'company', null, null, null, null, null, '2018-05-16 21:13:41', null), ('9', 'com7', '202cb962ac59075b964b07152d234b70', null, 'company', null, null, null, null, null, '2018-05-16 23:56:22', null);
COMMIT;

-- ----------------------------
--  Table structure for `userwithjob`
-- ----------------------------
DROP TABLE IF EXISTS `userwithjob`;
CREATE TABLE `userwithjob` (
  `id` int(11) NOT NULL AUTO_INCREMENT,
  `userid` int(11) DEFAULT NULL,
  `jobid` int(11) DEFAULT NULL,
  `success` bit(1) DEFAULT NULL,
  `gmtcreate` varchar(255) DEFAULT NULL,
  `gmtmodify` varchar(255) DEFAULT NULL,
  `dr` bit(1) DEFAULT NULL,
  PRIMARY KEY (`id`)
) ENGINE=InnoDB AUTO_INCREMENT=17 DEFAULT CHARSET=utf8;

-- ----------------------------
--  Records of `userwithjob`
-- ----------------------------
BEGIN;
INSERT INTO `userwithjob` VALUES ('1', '6', '4', b'1', '2018-04-23 18:13:49', '2018-04-23 19:00:08', null), ('9', '4', '4', b'1', '2018-04-23 19:19:40', '2018-04-23 19:20:20', null), ('14', '4', '1', b'0', '2018-04-24 00:23:06', '2018-04-25 16:38:17', null), ('16', '4', '3', null, '2018-04-24 11:26:09', null, null);
COMMIT;

SET FOREIGN_KEY_CHECKS = 1;
